Classifier name;Time to train;True positives;True negatives;False positives;False negatives;Accuracy;Precision;Recall;F1-Score
Logisticregression;0.9348313808441162;1447;2379;93;82;0.9562609347663085;0.9396103896103896;0.946370176586004;0.9429781687846204
LinearSVC;2.0196499824523926;1455;2352;120;74;0.9515121219695076;0.9238095238095239;0.9516023544800524;0.9375
DecisionTreeClassifier;241.50145149230957;1466;2018;454;63;0.870782304423894;0.7635416666666667;0.9587965990843689;0.8501014786894753
MLPClassifier;75.68543410301208;1387;2388;84;142;0.9435141214696325;0.9428959891230455;0.907128842380641;0.9246666666666666
